Usuario,Email,Password,Tipo_de_Usuario,Fecha,Hora
Jnsjnxsjnsxj,najsjnajsna,jsnjsns,Regular,2025-03-19,12:22:35
Luis,amamsjjij383u,sjskjdkssdk,Regular,2025-03-19,12:23:02
Marta,9i9ie93i9e,i93ie93i,Regular,2025-03-19,12:23:20
Maria,meijiji4j,jwijiwjijwi,Regular,2025-03-19,12:23:31
Isiwjei,iejudjej,<function encriptar_contrasena at 0x000001CEC754ADE0>,Regular,2025-03-19,13:39:35
Ijijijij,sijdsidjs,ijsijdisjdis,Regular,2025-03-19,13:49:29
Enriquez,ckmkskmskdm,b'gAAAAABn2yPkIp2OTaMQ7mfDCqzWJFOiwMwljiWMAGBW8nMDHfYqi-DPdpIXjQNMIQuXhXtI8mmUhURMBgxnNMceYDMQqFLIXA==',Regular,2025-03-19,14:07:11
Milton,smkkajsksa,<function contrasena_encriptada at 0x00000265D3EF7A60>,Regular,2025-03-19,16:46:31
Como Estas,makskasm,b'gAAAAABn21JK0nWjrFQ6awk0WIUctgvHXr4sUzbVUhfM36k5-uJIlXCf2VEMlIj-xjMu3TCgatVIhe0wndQtbNN4_bp6dfe9jg==',Regular,2025-03-19,17:24:58
Comoyo,mkmdkkcmdc,<function contrasena_encriptada at 0x000001CEA4D39DA0>,Regular,2025-03-19,17:32:10
Kmckckmdc,amaksksmak,<function contrasena_encriptada at 0x0000020DCE669DA0>,Regular,2025-03-19,17:34:37
Notnull_Vvvv,skmmdkdkamamd,gAAAAABn21UQBCF__OHEMqnqhSzPu7EbMXB7OLYCxfw7WPbUZLlwWTcNioET-j6wSspY256XZjwvh11J7jndH8p8uzYmaWjBDg==,Regular,2025-03-19,17:36:48
Hjsp,qweddd@mnbc.com,,Regular,2025-03-19,17:41:34
Qwerfghh,mskmaksama,,Regular,2025-03-19,17:42:28
Zzzzz,aaaaa,,Regular,2025-03-19,17:44:02
Akmmakkama,najnnsas,hola,Regular,2025-03-19,17:49:13
Kokjefjie,sajashjassja,<function contrasena_encriptada at 0x0000014675819DA0>,Regular,2025-03-19,17:50:14
Nsncjssjncs,askksamksamsakm,,Regular,2025-03-19,17:51:02
Kccmkdmkd,dmckkd,<function contrasena_encriptada at 0x0000021FF0DC9DA0>,Regular,2025-03-19,17:53:24
 Kmdkdm,makskassjkj,,Regular,2025-03-19,17:54:03
Mkmkmksxm,mkasmksma,gAAAAABn21lTuwDWQNYUWURpLL4rm8ZA227vzmfr_DSRD9INi2LDbG6coV_ed28EBBcia6BJ6AteJs9Ome9r-xsJVqtITptQIQ==,Regular,2025-03-19,17:54:59
Marcos,maksmaskmas,gAAAAABn21mu_iI1saixEn0SyoWsgjypypzmZTzI3KMyq4jEzYvurMS3NcAdDBysk3fTvxJkE4QTM62DpbcJtL-gHUhZt66JPQ==,Regular,2025-03-19,17:56:30
Vaca,mskdmkdsms,gAAAAABn21oVtZXWUXu2zNeEkElA0cZz01g5zeKbPWLkSCE65ddgw4fdIslfV1hXlJuvDgKV0bu4XG_2Ir6aRTgS1UWitWyJ2w==,Regular,2025-03-19,17:58:13
Gisel,mskcmcksmc,gAAAAABn21odWLd3TUDXyeMuPrnlKRC0x52qir--TJGUdkUaLrhEmqSJg4Y7nyMo_HN1WhXdUE1SORiSJeUMOneiV2O6R--bcg==,Regular,2025-03-19,17:58:21
Mkazmakm,snanjansja,gAAAAABn24HUGXNF14qXzoYgxIIhWLImQY_IuijpzrDx6DTlPupXXf7mCzZnqHyNku2lJFvEvWqYhSacaWUuUjKB-K8ev3mcDw==,Regular,2025-03-19,20:47:48
Mkmkm,caskhjahas,gAAAAABn24IfUTKuffeqUED3cZe0mTXJcD-grD2n6VDTeJLzw5ZGBboTXA6c34K9HuiXadAuDxHr4vg6WDXVVLCNfZZXqoBTzA==,Regular,2025-03-19,20:49:03Kmkcmdc
cft@hotmail.com,gAAAAABn24Jdi_WL4wlCGnXk__hsocd0_19VBa8qtry7KT_kcKOnurDEUhw05Z0Ec54IgzgdXMiCS2cXf4c9XXNAWUncwsQFxw==,Regular,2025-03-19,20:50:05
Thd,mksmkdskdm@wertlko.df,gAAAAABn24Km-Ea5kM87EMWRDJi-yMAVU4Bpd3nTugIGpLSrOaQsBDQ12f6tv3pdWBKT8umBK_XW24ZcGU-R04VpQP5sndS28A==,Regular,2025-03-19,20:51:18
Manuelito,mskakskn,gAAAAABn24Kw7jhoRhUPLfhIDa7EHy3vVX9dZ4ZBS5FOULsmsEweF9uBOziXreovzHLoAvQF-TDniGUVDz96Jm6-hFOd7DdE_w==,Regular,2025-03-19,20:51:28
Bonaparte,carmal@gmail.tk,gAAAAABn24MEoPGHirr-L71eHelcWMHJUoY4M_M-bgfdycstatOqU89Fg5qZ75nqDViZBY6tYyc-ApwyymSvqOVV03z_L8QiR0Xf9X6l-vfydB6CBg9cD3s=,Regular,2025-03-19,20:52:52
Vandan,mkdmdnand@bt.com,gAAAAABn24MZxitXtQfzR48SlMQndkaAlt3mA8olr1orU5Ckvy2rgPurOt5DIwTX6o_9S3-7yW9tEIEUybysvwro7qstcI5LxnFCWGixl4J1YlCilXR4Xug=,Regular,2025-03-19,20:53:13
Marcelo,cvbsh@tyudj.gt,gAAAAABn24Nzo8jBmYGFnHgh31MQ1rp86el8e-73maL4SWLeS22VpH6-_X_kEP5AaZbv9ZMwfRLFWqeB10sv7o_mcCt9DLuI1DKINVDEmXX97pukdPY2jvM=,Regular,2025-03-19,20:54:43
Carmila,duegff@quin.dr,gAAAAABn24OGbhRwm55_p_Qrw1gAzF2S86-VuxKg6zIxhy0YUBYtKFxwBgC0OCWWdax7ynXJzDejV5PHeTRx1kqxM58guzppvHFsMbidFskuEmN6j3jYQ20=,Regular,2025-03-19,20:55:02
Miriam,masjk@mkkmd.hu,gAAAAABn24On2uX-OKsZrO4ErrlS9evCTejZxC03VI0erLhyvpdKaBaCDWh8vif2PNMS5zuFIRsDumZD15JgWG8O7NbWUHi32G_ul7I1xriCkjQ3GEHvM7c=,Regular,2025-03-19,20:55:35
Mathew,csbnbsh@nedj.vk,gAAAAABn249i9CKUSRz091naKwvqRAofKlM6G0n37SjXPZWo6bkXLJ-N5I6a_JbUF6VqRqngQaVLL_hon444tMZ1e_mFmy1b3g==,Regular,2025-03-19,21:45:38
Mnsjsjs,smkamakm,gAAAAABn3HHCyvn-yENQcy4YZKbqlFB5g7t9rY9xgyE_xetHoYie7zdRyRzTJZ7pp4V5RMq-Wwt0Nno4zUhlw8B0tcPxhQgeJw==,Regular,2025-03-20,13:51:24
Kmksks,ksamkamas,gAAAAABn3HHH-18d96Cj2dVJ10Sm1SsO9Rp9udVkKvrE3qridsxbCeu4oi-DPBnfM5TpVPc6SlQQ6ZaoSS7kWclGW7ZBuZc-0g==,Regular,2025-03-20,13:51:35
Mkakasms,le04o0o0r4,,Regular,2025-03-20,14:22:51
Hidalgo,amsksnksn@wer.hg,gAAAAABn3HsObNuKa9twl1a6JYwgypakhX9--bmfv8jlNSHS7exVU3E8ZdpkWxHz61rDpmkaximF0Nlx3uWr1Ou_2vWeOWh0SA==,Regular,2025-03-20,14:31:01
Moises,kskdkmsdnd@345.pop,gAAAAABn3HsgGHfujGuy4LD4_L9Q8osW5sWsWHpVXhPF5Uf-e-q6IjnCYgcEhdNeSfveooYcvv27O41dl-m7ifBsMrRI3BmMXQ==,Regular,2025-03-20,14:31:25
Geraldo,mnhdkdjei@odoekdoke.com,gAAAAABn3IPu1owcdvIX-WDAaAhzQ9TReb-LYzkwi36xtiHsSQUHYcWa68X7rcJGmb4659H9J4_BChoAVeJmcHQUCFVcxfs7Ew==,Regular,2025-03-20,15:08:57
Pablo,ssior9859i@mkdmkmf.yu,gAAAAABn3IQGwZsiN85XoPXAM6g3Bqz9P-ItU4R5LYtKuO49671c9gwRudAzf9bjvHbIiOVlTyArlW5HgvXVkfNI755BxN28iw==,Regular,2025-03-20,15:09:19
Dominguez,sjhhd@egf.tk,gAAAAABn3IWe3YtAgBeUXTgmQDZHxU-P5LDyyRpEJcPq_1d2EE2lysKYefyRPiAgjU5hYR7geu7RR2D9nWKH0hl5o5QkcBfaKw==,Regular,2025-03-20,15:16:09
Fausto,mskmsksksm@poeu.cv,gAAAAABn3IWyQ_psfFROMZWucxNCjgIBBmqurmkg4FZX-VuZ-W-2AFPldGBMNj931SubAjiljKdrFzAvRJqq_KP7nbFiliTtackileQGDzdhPujweaa1auM=,Regular,2025-03-20,15:16:27
Fausto,mkmkmsdn@wlokg.com,gAAAAABn3I31pEeLiSPXhlxJqyZL6pPwmQ11pAyo2CqH3Ps69Uno3SNW5MWdKMwX7LLIWC4ruT3x2RmmB3y6L_NmWbEZa4Lxsg==,Regular,2025-03-20,15:51:40
Klarc,lmaamskas,gAAAAABn3I9RinoTigkaeYRWvqmSrtcyKTfCX0qryACEUOzm2x4LV2Acq8mvUsXF4d8bqn69yP3Nh1NsqXcUgdi8MU31vCqEgQ==,Regular,2025-03-20,15:57:29
Mkmkmk,nsjnsjns,gAAAAABn3O4rgkLOxTjt0sZIp0QbvykvqxSKmR9qr1Rj6t9P777amC3OmYgify37HO8x5WyZPshT65jLCYOnkjCDFmXLZomzzg==,Regular,2025-03-20,22:42:19
Maximiliano,mkmkssmsks@horale.com,gAAAAABn3O5ujwhGWYJYLzDfkaD80DfBOyyV9EaJMAV6XoyE3HkSGbGBCCrPmHsyXaiK7eXpZDR9PYFTzf4wOJNRDUvXQsES8g==,Regular,2025-03-20,22:43:26
Ingrig,mksmdkms,gAAAAABn3O9X6sUG7yrpjEGsXFCfmUTRvGIln1Q3ozFMcS8YpLxkgSuOnMsJz0skAVuJsP7BopB1RpSAIkVtjOE0DjFDURVxKQ==,Regular,2025-03-20,22:47:19
Karla,mxkxmn@maes.re,gAAAAABn3PCrRM7Bf3pYLR_Ezd6vpm53Aq0Id7OW-MBLWJyTwbpJWEC0ZjP9pZ7GX04jmsaToVS34I6zmJZe-nNwPwo19mO_EA==,Regular,2025-03-20,22:52:59
Momonga,mskajhdh@mndmu.kj,gAAAAABn3QQaFhuBJTQgJzNPL8xfC3Rave2D1MRSRWyDoRnjJaDTLsE7KufQD34P-hpyPi53ruChTR1ft3tvijYDFdW516aQUA==,Regular,2025-03-21,00:15:54
Josue,tyopom@-wd,gAAAAABn3ZsNAOSu7pOD36DNdivMauCbmSA8EesUFavwrtdPHIw3bP6SDMjnN-OMtPX4MfK8kB9KCuq7od-VkD1hLTNHBoJMpg==,Regular,2025-03-21,10:59:57
Marcelo,jskdjplptki@yu.poy,gAAAAABn3aCblNjbuLUkKyWaV57a0RUpfM9rvv4jYpt6LutaFl58vNgjLGGtWcMRtzWvRxtyc88ANvwIDQXJmPCMZnCZM24CLg==,Regular,2025-03-21,11:23:39
Kloe,oykkhyiy@pyutr.com,gAAAAABn3aCzQIsJ-V6h9UVz_-RULHJrtJ6QhKRBMF6c_kb6at5_jQhrrm0ivlDPKwXkk17RfxtXT3XUVYCnvxEO3RGhSGlKRQ==,Regular,2025-03-21,11:24:03
Samuel,tyomnmfmvkmf@ipyt.gh,gAAAAABn3aDtXCX557mVj9Lk0HVNcvq49330Sjf6TX_P-qr5fH3nyqtiIvUy2pwodo6vsz5a_k4ZTEPQF-Jsso8otG3BGRpXPq-KUefFizKFEQ8KB3llYl4=,Regular,2025-03-21,11:25:01
Kmksm,mksms,gAAAAABn3b0oQUlOg5LR71f3uIpKuOAfhYf4V1zWrwE5P4IehkQ1jKrn69s4Od5ulNQgqSjKHF6iayGn9_sqwp1yZL7rvEOnIA==,Regular,2025-03-21,13:25:28
Knjsnjs,snjanjs,gAAAAABn3cAWPuS4OX9FsCNxnn5bPWvZ_Fr_4DXx-ZSPRP_Y8Xx-3eOjW2oT94xt78TSwHHNu7ZY0-M5Cvt2L-ZtGGXpbmTA0g==,Regular,2025-03-21,13:37:58
Clara,mksskms,gAAAAABn3cBwKLJ1EqQ03LOVQ-cVrQZwflxr2q-bv4kSFbBzwq-M3hANkkSvBR9ru2386XCRXEuqewTA35w5ojnofa8ACr-o0A==,Regular,2025-03-21,13:39:28
Cecilia,hdgfs@orueid.nmg,gAAAAABn3cHUbUyJBYAzuY5FQWpMmdF5-GbfXAoX62VxtMPKHk7O13GZxsnCAR4jPm588FdEy4NP4n5EtNFmjUuQEfOXskZdkQ==,Regular,2025-03-21,13:45:24
Moncy,mkoeujeodjeod@mfhg.bn,gAAAAABn3cIDVdFvelUqSgnh91EJxh9MpiHWygydJQBVG2Wkyp5QPBpqLe6FudWc9k-8S_gzeTvW4q9tz59ODEmhWELybTXE-A==,Regular,2025-03-21,13:46:11
Rapuncel,mkdjsds@lkiut.tr,gAAAAABn3cIcGtCfMKnQRT5FaLgJZ_3hQzjFuOXXc3yjg4VtP9OQCeIdNyWHX4FWW-shOuu_uGIGil9K6TOgFpl9Q6Gnc8SKKA==,Regular,2025-03-21,13:46:36
Kalvin,korueoer@ggd.uy,gAAAAABn3cIxrc1QiEfVzBQ5sbDPExt2gTz8dvR2CKPuSlH8bPwU_90u-sBct6rMgJ1Fc-rUkOpGaEr7Tnm2-zbcPPoFfOJlMw==,Regular,2025-03-21,13:46:57
Milton,mskkfef@lkfjd.df,gAAAAABn3cKmFhga-0EzIbGTEr8tyG4iPxGiJwIMz8GRd8cjaYWRH0qw45lkmtXFOJrFDYFneqpekCDxTFYpzc0259oeHapyJg==,Regular,2025-03-21,13:48:54
Gilberto,kjhduehueehf@lkjdf.fg,gAAAAABn3c0ew1MDnbDgpMTd3hFaJMSAnTNUMJdGkmhJuMlej2gmuL4VP4Lvc_LfbgokJCa92Fr6DRxLlbmhDJWhlqLY_ac_Ew==,Regular,2025-03-21,14:33:34
